-- MySQL dump 10.13  Distrib 5.5.9, for Win32 (x86)
--
-- Host: dust    Database: jurist
-- ------------------------------------------------------
-- Server version	5.1.49-1ubuntu8.1

/*!40101 SET @OLD_CHARACTER_SET_CLIENT=@@CHARACTER_SET_CLIENT */;
/*!40101 SET @OLD_CHARACTER_SET_RESULTS=@@CHARACTER_SET_RESULTS */;
/*!40101 SET @OLD_COLLATION_CONNECTION=@@COLLATION_CONNECTION */;
/*!40101 SET NAMES utf8 */;
/*!40103 SET @OLD_TIME_ZONE=@@TIME_ZONE */;
/*!40103 SET TIME_ZONE='+00:00' */;
/*!40014 SET @OLD_UNIQUE_CHECKS=@@UNIQUE_CHECKS, UNIQUE_CHECKS=0 */;
/*!40014 SET @OLD_FOREIGN_KEY_CHECKS=@@FOREIGN_KEY_CHECKS, FOREIGN_KEY_CHECKS=0 */;
/*!40101 SET @OLD_SQL_MODE=@@SQL_MODE, SQL_MODE='NO_AUTO_VALUE_ON_ZERO' */;
/*!40111 SET @OLD_SQL_NOTES=@@SQL_NOTES, SQL_NOTES=0 */;

--
-- Current Database: `jurist`
--

CREATE DATABASE /*!32312 IF NOT EXISTS*/ `jurist` /*!40100 DEFAULT CHARACTER SET utf8 COLLATE utf8_unicode_ci */;

USE `jurist`;

--
-- Table structure for table `role_trees`
--

DROP TABLE IF EXISTS `role_trees`;
/*!40101 SET @saved_cs_client     = @@character_set_client */;
/*!40101 SET character_set_client = utf8 */;
CREATE TABLE `role_trees` (
  `tree_id` bigint(20) NOT NULL DEFAULT '0',
  `role_id` int(11) NOT NULL DEFAULT '0',
  PRIMARY KEY (`tree_id`,`role_id`),
  UNIQUE KEY `idx_role_tree_id` (`tree_id`,`role_id`),
  KEY `fk_tree_role_id` (`role_id`),
  CONSTRAINT `fk_tree_role_id` FOREIGN KEY (`role_id`) REFERENCES `roles` (`role_id`) ON DELETE CASCADE ON UPDATE NO ACTION
) ENGINE=InnoDB DEFAULT CHARSET=utf8 COLLATE=utf8_unicode_ci ROW_FORMAT=FIXED;
/*!40101 SET character_set_client = @saved_cs_client */;

--
-- Dumping data for table `role_trees`
--

LOCK TABLES `role_trees` WRITE;
/*!40000 ALTER TABLE `role_trees` DISABLE KEYS */;
INSERT INTO `role_trees` VALUES (567,2),(1284,2),(2407,2),(2415,2),(266,3),(2392,3),(1457,4);
/*!40000 ALTER TABLE `role_trees` ENABLE KEYS */;
UNLOCK TABLES;

--
-- Table structure for table `roles`
--

DROP TABLE IF EXISTS `roles`;
/*!40101 SET @saved_cs_client     = @@character_set_client */;
/*!40101 SET character_set_client = utf8 */;
CREATE TABLE `roles` (
  `role_id` int(11) NOT NULL AUTO_INCREMENT,
  `role` varchar(100) COLLATE utf8_unicode_ci DEFAULT NULL COMMENT 'имя роли',
  PRIMARY KEY (`role_id`),
  UNIQUE KEY `role_UNIQUE` (`role`)
) ENGINE=InnoDB AUTO_INCREMENT=5 DEFAULT CHARSET=utf8 COLLATE=utf8_unicode_ci COMMENT='Роли пользователей';
/*!40101 SET character_set_client = @saved_cs_client */;

--
-- Dumping data for table `roles`
--

LOCK TABLES `roles` WRITE;
/*!40000 ALTER TABLE `roles` DISABLE KEYS */;
INSERT INTO `roles` VALUES (1,'Админ'),(4,'пользов'),(3,'Пользователи новые'),(2,'Пользователь');
/*!40000 ALTER TABLE `roles` ENABLE KEYS */;
UNLOCK TABLES;

--
-- Table structure for table `user_roles`
--

DROP TABLE IF EXISTS `user_roles`;
/*!40101 SET @saved_cs_client     = @@character_set_client */;
/*!40101 SET character_set_client = utf8 */;
CREATE TABLE `user_roles` (
  `user_id` int(11) NOT NULL DEFAULT '0',
  `role_id` int(11) NOT NULL DEFAULT '0',
  PRIMARY KEY (`user_id`,`role_id`),
  KEY `fk_ur_user_id` (`user_id`),
  KEY `fk_ur_role_id` (`role_id`),
  CONSTRAINT `fk_ur_role_id` FOREIGN KEY (`role_id`) REFERENCES `roles` (`role_id`) ON DELETE NO ACTION ON UPDATE NO ACTION,
  CONSTRAINT `fk_ur_user_id` FOREIGN KEY (`user_id`) REFERENCES `users` (`user_id`) ON DELETE NO ACTION ON UPDATE NO ACTION
) ENGINE=InnoDB DEFAULT CHARSET=utf8 COLLATE=utf8_unicode_ci COMMENT='Роли присвоенные пользователям';
/*!40101 SET character_set_client = @saved_cs_client */;

--
-- Dumping data for table `user_roles`
--

LOCK TABLES `user_roles` WRITE;
/*!40000 ALTER TABLE `user_roles` DISABLE KEYS */;
INSERT INTO `user_roles` VALUES (1,1),(2,1),(2,2);
/*!40000 ALTER TABLE `user_roles` ENABLE KEYS */;
UNLOCK TABLES;

--
-- Table structure for table `user_types`
--

DROP TABLE IF EXISTS `user_types`;
/*!40101 SET @saved_cs_client     = @@character_set_client */;
/*!40101 SET character_set_client = utf8 */;
CREATE TABLE `user_types` (
  `user_type_id` int(11) NOT NULL AUTO_INCREMENT,
  `user_type` varchar(100) COLLATE utf8_unicode_ci DEFAULT NULL,
  PRIMARY KEY (`user_type_id`),
  UNIQUE KEY `user_type_UNIQUE` (`user_type`)
) ENGINE=InnoDB AUTO_INCREMENT=2 DEFAULT CHARSET=utf8 COLLATE=utf8_unicode_ci;
/*!40101 SET character_set_client = @saved_cs_client */;

--
-- Dumping data for table `user_types`
--

LOCK TABLES `user_types` WRITE;
/*!40000 ALTER TABLE `user_types` DISABLE KEYS */;
INSERT INTO `user_types` VALUES (1,'свои пользователи');
/*!40000 ALTER TABLE `user_types` ENABLE KEYS */;
UNLOCK TABLES;

--
-- Table structure for table `users`
--

DROP TABLE IF EXISTS `users`;
/*!40101 SET @saved_cs_client     = @@character_set_client */;
/*!40101 SET character_set_client = utf8 */;
CREATE TABLE `users` (
  `user_id` int(11) NOT NULL AUTO_INCREMENT,
  `login` varchar(100) COLLATE utf8_unicode_ci DEFAULT NULL,
  `pwd` varchar(100) COLLATE utf8_unicode_ci DEFAULT NULL,
  `user_type_id` int(11) NOT NULL COMMENT 'Тип пользователя',
  PRIMARY KEY (`user_id`),
  UNIQUE KEY `login_UNIQUE` (`login`),
  KEY `fk_u_type_id` (`user_type_id`),
  CONSTRAINT `fk_u_type_id` FOREIGN KEY (`user_type_id`) REFERENCES `user_types` (`user_type_id`) ON DELETE NO ACTION ON UPDATE NO ACTION
) ENGINE=InnoDB AUTO_INCREMENT=3 DEFAULT CHARSET=utf8 COLLATE=utf8_unicode_ci COMMENT='пользователи системы юрист';
/*!40101 SET character_set_client = @saved_cs_client */;

--
-- Dumping data for table `users`
--

LOCK TABLES `users` WRITE;
/*!40000 ALTER TABLE `users` DISABLE KEYS */;
INSERT INTO `users` VALUES (1,'admin','*23AE809DDACAF96AF0FD78ED04B6A265E05AA257',1),(2,'nur','*712B69033BB2C08B8E1243774687F3DE968DBBF4',1);
/*!40000 ALTER TABLE `users` ENABLE KEYS */;
UNLOCK TABLES;

--
-- Dumping routines for database 'jurist'
--
/*!50003 DROP FUNCTION IF EXISTS `changePassword` */;
/*!50003 SET @saved_cs_client      = @@character_set_client */ ;
/*!50003 SET @saved_cs_results     = @@character_set_results */ ;
/*!50003 SET @saved_col_connection = @@collation_connection */ ;
/*!50003 SET character_set_client  = utf8 */ ;
/*!50003 SET character_set_results = utf8 */ ;
/*!50003 SET collation_connection  = utf8_general_ci */ ;
/*!50003 SET @saved_sql_mode       = @@sql_mode */ ;
/*!50003 SET sql_mode              = '' */ ;
DELIMITER ;;
/*!50003 CREATE*/ /*!50020 DEFINER=`test`@`192.168.1.89`*/ /*!50003 FUNCTION `changePassword`(`userId` int,`par` text) RETURNS text CHARSET utf8
BEGIN
	declare cnt int;
	declare id int;
	declare login1 text;
	declare pwd1 text;
	declare newpwd text;
	set login1= ExtractValue(par,'chg/login');
	set pwd1= ExtractValue(par,'chg/pwd');
	set newpwd= ExtractValue(par,'chg/newpwd');
	select count(*),max(u.user_id) into cnt,id from users u where u.user_type_id=1 and u.login=login1 and u.pwd=PASSWORD(pwd1);
	if(cnt=0)THEN
		return '<res><success>0</success></res>';
	end if;
  update users set pwd=PASSWORD(newpwd) where u.user_type_id=1 and login=login1;
	return '<res><success>1</success></res>';

END */;;
DELIMITER ;
/*!50003 SET sql_mode              = @saved_sql_mode */ ;
/*!50003 SET character_set_client  = @saved_cs_client */ ;
/*!50003 SET character_set_results = @saved_cs_results */ ;
/*!50003 SET collation_connection  = @saved_col_connection */ ;
/*!50003 DROP FUNCTION IF EXISTS `getDocumentScheme` */;
/*!50003 SET @saved_cs_client      = @@character_set_client */ ;
/*!50003 SET @saved_cs_results     = @@character_set_results */ ;
/*!50003 SET @saved_col_connection = @@collation_connection */ ;
/*!50003 SET character_set_client  = utf8 */ ;
/*!50003 SET character_set_results = utf8 */ ;
/*!50003 SET collation_connection  = utf8_general_ci */ ;
/*!50003 SET @saved_sql_mode       = @@sql_mode */ ;
/*!50003 SET sql_mode              = '' */ ;
DELIMITER ;;
/*!50003 CREATE*/ /*!50020 DEFINER=`test`@`192.168.1.89`*/ /*!50003 FUNCTION `getDocumentScheme`() RETURNS text CHARSET utf8
BEGIN
	
	RETURN "sps";
END */;;
DELIMITER ;
/*!50003 SET sql_mode              = @saved_sql_mode */ ;
/*!50003 SET character_set_client  = @saved_cs_client */ ;
/*!50003 SET character_set_results = @saved_cs_results */ ;
/*!50003 SET collation_connection  = @saved_col_connection */ ;
/*!50003 DROP FUNCTION IF EXISTS `getRoles` */;
/*!50003 SET @saved_cs_client      = @@character_set_client */ ;
/*!50003 SET @saved_cs_results     = @@character_set_results */ ;
/*!50003 SET @saved_col_connection = @@collation_connection */ ;
/*!50003 SET character_set_client  = utf8 */ ;
/*!50003 SET character_set_results = utf8 */ ;
/*!50003 SET collation_connection  = utf8_general_ci */ ;
/*!50003 SET @saved_sql_mode       = @@sql_mode */ ;
/*!50003 SET sql_mode              = '' */ ;
DELIMITER ;;
/*!50003 CREATE*/ /*!50020 DEFINER=`test`@`192.168.1.89`*/ /*!50003 FUNCTION `getRoles`(`user_id` int) RETURNS text CHARSET utf8
BEGIN  
	declare cnt int default 0;  
	declare id int default 0;
	declare val1 VARCHAR(100) CHARSET utf8 default "" ;
	declare res text;
	set res="";
	SELECT count(*) as cnt1,GROUP_CONCAT("<row><id>",CAST(role_id as char),"</id><value>",role,"</value></row>" SEPARATOR '') as res1  into cnt, res from roles;
	if(cnt=-1)THEN
		BEGIN
			DECLARE done INT DEFAULT 0; 
			DECLARE curRoles CURSOR FOR SELECT role_id,role FROM roles;
			DECLARE CONTINUE HANDLER FOR SQLSTATE '02000' SET done = 1;
			OPEN curRoles;
			REPEAT
					FETCH curRoles INTO id, val1;
					IF done=0 THEN
					 set res = CONCAT(res ,"<row><id>",id,"</id><value>",val1,"</value></row>");
					END IF;
			UNTIL done=0 END REPEAT;
			CLOSE curRoles;
		end;
	end if;
	set res = CONCAT("<dataset><total>",cnt,"</total>", res ,"</dataset>");
	return res;
END */;;
DELIMITER ;
/*!50003 SET sql_mode              = @saved_sql_mode */ ;
/*!50003 SET character_set_client  = @saved_cs_client */ ;
/*!50003 SET character_set_results = @saved_cs_results */ ;
/*!50003 SET collation_connection  = @saved_col_connection */ ;
/*!50003 DROP FUNCTION IF EXISTS `getRolesTree` */;
/*!50003 SET @saved_cs_client      = @@character_set_client */ ;
/*!50003 SET @saved_cs_results     = @@character_set_results */ ;
/*!50003 SET @saved_col_connection = @@collation_connection */ ;
/*!50003 SET character_set_client  = utf8 */ ;
/*!50003 SET character_set_results = utf8 */ ;
/*!50003 SET collation_connection  = utf8_general_ci */ ;
/*!50003 SET @saved_sql_mode       = @@sql_mode */ ;
/*!50003 SET sql_mode              = '' */ ;
DELIMITER ;;
/*!50003 CREATE*/ /*!50020 DEFINER=`test`@`192.168.1.89`*/ /*!50003 FUNCTION `getRolesTree`(`user_id` int, par text) RETURNS text CHARSET utf8
BEGIN  
	declare cnt int default 0;  
	declare id int default 0;
	declare val1 VARCHAR(100) CHARSET utf8 default "" ;
	declare res text;
	set res="";
	SELECT count(*) as cnt1,GROUP_CONCAT("<row><id>",CAST(role_id as char),"</id><value>",tree_id,"</value></row>" SEPARATOR '') as res1  
				into cnt, res from role_trees where role_id=par;
	if(res is null) then set res =''; end if;
	set res = CONCAT("<dataset><total>",cnt,"</total>", res ,"</dataset>");
	return res;
END */;;
DELIMITER ;
/*!50003 SET sql_mode              = @saved_sql_mode */ ;
/*!50003 SET character_set_client  = @saved_cs_client */ ;
/*!50003 SET character_set_results = @saved_cs_results */ ;
/*!50003 SET collation_connection  = @saved_col_connection */ ;
/*!50003 DROP FUNCTION IF EXISTS `getUserRoles` */;
/*!50003 SET @saved_cs_client      = @@character_set_client */ ;
/*!50003 SET @saved_cs_results     = @@character_set_results */ ;
/*!50003 SET @saved_col_connection = @@collation_connection */ ;
/*!50003 SET character_set_client  = utf8 */ ;
/*!50003 SET character_set_results = utf8 */ ;
/*!50003 SET collation_connection  = utf8_general_ci */ ;
/*!50003 SET @saved_sql_mode       = @@sql_mode */ ;
/*!50003 SET sql_mode              = '' */ ;
DELIMITER ;;
/*!50003 CREATE*/ /*!50020 DEFINER=`test`@`192.168.1.89`*/ /*!50003 FUNCTION `getUserRoles`(userid int, par text) RETURNS text CHARSET utf8
BEGIN 
	declare cnt int default 0;  
	declare id int default 0;
	declare val1 VARCHAR(100) CHARSET utf8 default "" ;
  DECLARE done INT DEFAULT 0; 
	declare res text;
	set res=" ";
	SELECT count(*) as cnt1,GROUP_CONCAT("<row><id>",CAST(u.role_id as char),"</id><value>",CAST(u.role_id as char),"</value></row>" SEPARATOR '') as res1  
			into cnt, res from user_roles u,roles r 
			where u.role_id=r.role_id and u.user_id=par;
	if(cnt=0) THEN
		set res = "";
	end if;
	set res = CONCAT("<dataset><total>",cnt,"</total>", res ,"</dataset>");
	return res;
END */;;
DELIMITER ;
/*!50003 SET sql_mode              = @saved_sql_mode */ ;
/*!50003 SET character_set_client  = @saved_cs_client */ ;
/*!50003 SET character_set_results = @saved_cs_results */ ;
/*!50003 SET collation_connection  = @saved_col_connection */ ;
/*!50003 DROP FUNCTION IF EXISTS `getUsers` */;
/*!50003 SET @saved_cs_client      = @@character_set_client */ ;
/*!50003 SET @saved_cs_results     = @@character_set_results */ ;
/*!50003 SET @saved_col_connection = @@collation_connection */ ;
/*!50003 SET character_set_client  = utf8 */ ;
/*!50003 SET character_set_results = utf8 */ ;
/*!50003 SET collation_connection  = utf8_general_ci */ ;
/*!50003 SET @saved_sql_mode       = @@sql_mode */ ;
/*!50003 SET sql_mode              = '' */ ;
DELIMITER ;;
/*!50003 CREATE*/ /*!50020 DEFINER=`test`@`192.168.1.89`*/ /*!50003 FUNCTION `getUsers`(`userId` int) RETURNS text CHARSET utf8
BEGIN
	declare cnt int default 0;  
	declare id int default 0;
	declare val1 VARCHAR(100) CHARSET utf8 default "" ;
	declare res text;
	set res="";
	SELECT count(*) as cnt1,GROUP_CONCAT("<row><id>",CAST(user_id as char),"</id><value>",login,"</value><type_id>",user_type_id,"</type_id></row>" SEPARATOR '') as res1  
		into cnt, res from users;
	set res = CONCAT("<dataset><total>",cnt,"</total>", res ,"</dataset>");
	return res;
END */;;
DELIMITER ;
/*!50003 SET sql_mode              = @saved_sql_mode */ ;
/*!50003 SET character_set_client  = @saved_cs_client */ ;
/*!50003 SET character_set_results = @saved_cs_results */ ;
/*!50003 SET collation_connection  = @saved_col_connection */ ;
/*!50003 DROP FUNCTION IF EXISTS `getUserTypes` */;
/*!50003 SET @saved_cs_client      = @@character_set_client */ ;
/*!50003 SET @saved_cs_results     = @@character_set_results */ ;
/*!50003 SET @saved_col_connection = @@collation_connection */ ;
/*!50003 SET character_set_client  = utf8 */ ;
/*!50003 SET character_set_results = utf8 */ ;
/*!50003 SET collation_connection  = utf8_general_ci */ ;
/*!50003 SET @saved_sql_mode       = @@sql_mode */ ;
/*!50003 SET sql_mode              = '' */ ;
DELIMITER ;;
/*!50003 CREATE*/ /*!50020 DEFINER=`test`@`192.168.1.89`*/ /*!50003 FUNCTION `getUserTypes`(`user_id` int) RETURNS text CHARSET utf8
BEGIN 
	declare cnt int default 0;  
	declare id int default 0;
	declare val1 VARCHAR(100) CHARSET utf8 default "" ;
  DECLARE done INT DEFAULT 0; 
	declare res text;
	DECLARE curRoles CURSOR FOR SELECT user_type_id,user_type FROM user_types;
  DECLARE CONTINUE HANDLER FOR SQLSTATE '02000' SET done = 1;
	set res="";
	SELECT count(*) into cnt from user_types;
	OPEN curRoles;
	REPEAT
			FETCH curRoles INTO id, val1;
			IF done=0 THEN
			 set res = CONCAT(res ,"<row><id>",id,"</id><value>",val1,"</value></row>");
			END IF;
	UNTIL done=0 END REPEAT;
  CLOSE curRoles;
	set res = CONCAT("<dataset><total>",cnt,"</total>", res ,"</dataset>");
	return res;
END */;;
DELIMITER ;
/*!50003 SET sql_mode              = @saved_sql_mode */ ;
/*!50003 SET character_set_client  = @saved_cs_client */ ;
/*!50003 SET character_set_results = @saved_cs_results */ ;
/*!50003 SET collation_connection  = @saved_col_connection */ ;
/*!50003 DROP FUNCTION IF EXISTS `setRole` */;
/*!50003 SET @saved_cs_client      = @@character_set_client */ ;
/*!50003 SET @saved_cs_results     = @@character_set_results */ ;
/*!50003 SET @saved_col_connection = @@collation_connection */ ;
/*!50003 SET character_set_client  = utf8 */ ;
/*!50003 SET character_set_results = utf8 */ ;
/*!50003 SET collation_connection  = utf8_general_ci */ ;
/*!50003 SET @saved_sql_mode       = @@sql_mode */ ;
/*!50003 SET sql_mode              = '' */ ;
DELIMITER ;;
/*!50003 CREATE*/ /*!50020 DEFINER=`test`@`192.168.1.89`*/ /*!50003 FUNCTION `setRole`(userId int,`par` text) RETURNS text CHARSET utf8
    DETERMINISTIC
BEGIN   
	DECLARE xml2 VARCHAR(25) DEFAULT '<obj><count>2</count><parent>2</parent><row><id>0</id><value>2197</value></row><row><id>0</id><value>258</value></row></obj>';
  declare roleId int;
	DECLARE tmp text;
	DECLARE res text;
  set tmp = ExtractValue(par,'obj/row/id');
	set roleId = cast(tmp as UNSIGNED );
	SELECT ExtractValue(par,'obj/row/value') into tmp;
	if ((roleId is null )or (roleId=0)) THEN
		insert into roles (role) VALUES(tmp);
		select role_Id into res from roles where role=tmp;
	ELSE
		update roles set role=tmp where role_id=roleId;
		select roleId into res;
	end if;
	return res;
END */;;
DELIMITER ;
/*!50003 SET sql_mode              = @saved_sql_mode */ ;
/*!50003 SET character_set_client  = @saved_cs_client */ ;
/*!50003 SET character_set_results = @saved_cs_results */ ;
/*!50003 SET collation_connection  = @saved_col_connection */ ;
/*!50003 DROP FUNCTION IF EXISTS `setRolesTree` */;
/*!50003 SET @saved_cs_client      = @@character_set_client */ ;
/*!50003 SET @saved_cs_results     = @@character_set_results */ ;
/*!50003 SET @saved_col_connection = @@collation_connection */ ;
/*!50003 SET character_set_client  = utf8 */ ;
/*!50003 SET character_set_results = utf8 */ ;
/*!50003 SET collation_connection  = utf8_general_ci */ ;
/*!50003 SET @saved_sql_mode       = @@sql_mode */ ;
/*!50003 SET sql_mode              = '' */ ;
DELIMITER ;;
/*!50003 CREATE*/ /*!50020 DEFINER=`test`@`192.168.1.89`*/ /*!50003 FUNCTION `setRolesTree`(userId int,`par` text) RETURNS text CHARSET utf8
    DETERMINISTIC
BEGIN   
	DECLARE xml2 VARCHAR(25) DEFAULT '<obj><count>2</count><role>2</role><row><id>0</id><value>2197</value></row><row><id>0</id><value>258</value></row></obj>';
  declare cnt int;
  declare roleId int;
  declare i int DEFAULT 0;
	DECLARE tmp text;
	DECLARE res text;
  set tmp = ExtractValue(par,'obj/count');
	set cnt = cast(tmp as UNSIGNED );
  set tmp = ExtractValue(par,'obj/parent');
	set roleId = cast(tmp as UNSIGNED );
	if(roleId is null or roleId=0) THEN
		return 'nothing saved';
  end if;
	delete from role_trees where role_id=roleId;
	WHILE i < cnt DO
		set i=i+1;
		SELECT ExtractValue(par,'obj/row[$i]/value') into tmp;
		insert into role_trees VALUES(tmp,roleId);
 END WHILE;
	select i into res;
	return res;
END */;;
DELIMITER ;
/*!50003 SET sql_mode              = @saved_sql_mode */ ;
/*!50003 SET character_set_client  = @saved_cs_client */ ;
/*!50003 SET character_set_results = @saved_cs_results */ ;
/*!50003 SET collation_connection  = @saved_col_connection */ ;
/*!50003 DROP FUNCTION IF EXISTS `setUser` */;
/*!50003 SET @saved_cs_client      = @@character_set_client */ ;
/*!50003 SET @saved_cs_results     = @@character_set_results */ ;
/*!50003 SET @saved_col_connection = @@collation_connection */ ;
/*!50003 SET character_set_client  = utf8 */ ;
/*!50003 SET character_set_results = utf8 */ ;
/*!50003 SET collation_connection  = utf8_general_ci */ ;
/*!50003 SET @saved_sql_mode       = @@sql_mode */ ;
/*!50003 SET sql_mode              = '' */ ;
DELIMITER ;;
/*!50003 CREATE*/ /*!50020 DEFINER=`test`@`192.168.1.89`*/ /*!50003 FUNCTION `setUser`(userId int,`par` text) RETURNS text CHARSET utf8
    DETERMINISTIC
BEGIN   
	DECLARE xml2 VARCHAR(25) DEFAULT '<obj><count>2</count><parent>2</parent><row><id>0</id><value>2197</value></row><row><id>0</id><value>258</value></row></obj>';
  declare userId int;
	DECLARE tmp text;
	DECLARE tmp1 text;
	DECLARE tmp2 text;
	DECLARE res text;
  set tmp = ExtractValue(par,'obj/row/id');
	set userId = cast(tmp as UNSIGNED );
	SELECT ExtractValue(par,'obj/row/value') into tmp;
	SELECT ExtractValue(par,'obj/row/pass') into tmp1;
	SELECT ExtractValue(par,'obj/row/type_id') into tmp2;
	if ((userId is null )or (userId=0)) THEN
		insert into users (login,pwd,user_type_id) VALUES(tmp,tmp1,tmp2);
		select user_Id into userId from users where login=tmp and user_type_id=tmp2;
	ELSE
		update users set login=tmp where user_id=userId;
	end if;
	if(tmp1 is not null and tmp1<>'')then
		update users set pwd=PASSWORD(tmp1) where user_id=userId;
	end if;
	select userId into res;
	return res;
END */;;
DELIMITER ;
/*!50003 SET sql_mode              = @saved_sql_mode */ ;
/*!50003 SET character_set_client  = @saved_cs_client */ ;
/*!50003 SET character_set_results = @saved_cs_results */ ;
/*!50003 SET collation_connection  = @saved_col_connection */ ;
/*!50003 DROP FUNCTION IF EXISTS `setUserRoles` */;
/*!50003 SET @saved_cs_client      = @@character_set_client */ ;
/*!50003 SET @saved_cs_results     = @@character_set_results */ ;
/*!50003 SET @saved_col_connection = @@collation_connection */ ;
/*!50003 SET character_set_client  = utf8 */ ;
/*!50003 SET character_set_results = utf8 */ ;
/*!50003 SET collation_connection  = utf8_general_ci */ ;
/*!50003 SET @saved_sql_mode       = @@sql_mode */ ;
/*!50003 SET sql_mode              = '' */ ;
DELIMITER ;;
/*!50003 CREATE*/ /*!50020 DEFINER=`test`@`192.168.1.89`*/ /*!50003 FUNCTION `setUserRoles`(userId int,`par` text) RETURNS text CHARSET utf8
    DETERMINISTIC
BEGIN   
	DECLARE xml2 VARCHAR(25) DEFAULT '<obj><count>2</count><role>2</role><row><id>0</id><value>2197</value></row><row><id>0</id><value>258</value></row></obj>';
  declare cnt int;
  declare userId int;
  declare i int DEFAULT 0;
	DECLARE tmp text;
	DECLARE res text;
  set tmp = ExtractValue(par,'obj/count');
	set cnt = cast(tmp as UNSIGNED );
  set tmp = ExtractValue(par,'obj/parent');
	set userId = cast(tmp as UNSIGNED );
	if(userId is null or userId=0) THEN
		return 'nothing saved';
  end if;
	delete from user_roles where user_id=userId;
	WHILE i < cnt DO
		set i=i+1;
		SELECT ExtractValue(par,'obj/row[$i]/value') into tmp;
		insert into user_roles(user_id,role_id) VALUES(userId,tmp);
 END WHILE;
	select i into res;
	return res;
END */;;
DELIMITER ;
/*!50003 SET sql_mode              = @saved_sql_mode */ ;
/*!50003 SET character_set_client  = @saved_cs_client */ ;
/*!50003 SET character_set_results = @saved_cs_results */ ;
/*!50003 SET collation_connection  = @saved_col_connection */ ;
/*!50003 DROP FUNCTION IF EXISTS `testXml` */;
/*!50003 SET @saved_cs_client      = @@character_set_client */ ;
/*!50003 SET @saved_cs_results     = @@character_set_results */ ;
/*!50003 SET @saved_col_connection = @@collation_connection */ ;
/*!50003 SET character_set_client  = utf8 */ ;
/*!50003 SET character_set_results = utf8 */ ;
/*!50003 SET collation_connection  = utf8_general_ci */ ;
/*!50003 SET @saved_sql_mode       = @@sql_mode */ ;
/*!50003 SET sql_mode              = '' */ ;
DELIMITER ;;
/*!50003 CREATE*/ /*!50020 DEFINER=`test`@`192.168.1.89`*/ /*!50003 FUNCTION `testXml`(`xml1` varchar(100)) RETURNS varchar(255) CHARSET utf8
    DETERMINISTIC
BEGIN
	DECLARE xml2 VARCHAR(25) DEFAULT '<a>    <b c="1"><d>X</d></b>    <b c="2"><d>X</d></b>    </a>';
	DECLARE res text;
	set res = ExtractValue(xml1,'a/b/d[../@c="1"]');
	SET res = '1';
	set res = getRoles(0);
/*
 WHILE i < 4 DO
    SELECT xml, i, ExtractValue(xml, '//a[$i]');
    SET i = i+1;
 END WHILE;
*/
	return res;
END */;;
DELIMITER ;
/*!50003 SET sql_mode              = @saved_sql_mode */ ;
/*!50003 SET character_set_client  = @saved_cs_client */ ;
/*!50003 SET character_set_results = @saved_cs_results */ ;
/*!50003 SET collation_connection  = @saved_col_connection */ ;
/*!50003 DROP PROCEDURE IF EXISTS `doLogin` */;
/*!50003 SET @saved_cs_client      = @@character_set_client */ ;
/*!50003 SET @saved_cs_results     = @@character_set_results */ ;
/*!50003 SET @saved_col_connection = @@collation_connection */ ;
/*!50003 SET character_set_client  = utf8 */ ;
/*!50003 SET character_set_results = utf8 */ ;
/*!50003 SET collation_connection  = utf8_general_ci */ ;
/*!50003 SET @saved_sql_mode       = @@sql_mode */ ;
/*!50003 SET sql_mode              = '' */ ;
DELIMITER ;;
/*!50003 CREATE*/ /*!50020 DEFINER=`test`@`192.168.1.89`*/ /*!50003 PROCEDURE `doLogin`(IN `login` text,IN `pwd` text,INOUT `userId` int)
BEGIN 
	declare cnt int;
	declare id int;
	select count(*),max(u.user_id) into cnt,id from users u where u.user_type_id=1 and u.login=login and u.pwd=PASSWORD(pwd);
	if(cnt>0)THEN
		set userId = id;
	end if;

END */;;
DELIMITER ;
/*!50003 SET sql_mode              = @saved_sql_mode */ ;
/*!50003 SET character_set_client  = @saved_cs_client */ ;
/*!50003 SET character_set_results = @saved_cs_results */ ;
/*!50003 SET collation_connection  = @saved_col_connection */ ;
/*!50003 DROP PROCEDURE IF EXISTS `execute_proc` */;
/*!50003 SET @saved_cs_client      = @@character_set_client */ ;
/*!50003 SET @saved_cs_results     = @@character_set_results */ ;
/*!50003 SET @saved_col_connection = @@collation_connection */ ;
/*!50003 SET character_set_client  = utf8 */ ;
/*!50003 SET character_set_results = utf8 */ ;
/*!50003 SET collation_connection  = utf8_general_ci */ ;
/*!50003 SET @saved_sql_mode       = @@sql_mode */ ;
/*!50003 SET sql_mode              = '' */ ;
DELIMITER ;;
/*!50003 CREATE*/ /*!50020 DEFINER=`test`@`192.168.1.89`*/ /*!50003 PROCEDURE `execute_proc`(in user_id int,in reqType text, IN `par` text,INOUT `res` text)
BEGIN
		if (reqType="getRoles") THEN
			set res = getRoles(user_id);
		elseif (reqType = "getUserTypes") then
			set res = getUserTypes(user_id);
		elseif (reqType = "getUserRoles") then
			set res = getUserRoles(user_id,par);
		elseif (reqType = "getUsers") then
			set res = getUsers(user_id);
		elseif (reqType = "changePassword") then
			set res = changePassword(user_id,par);
		elseif (reqType = "getRolesTree") then
			set res = getRolesTree(user_id,par);
		elseif (reqType = "setRolesTree") then
			set res = setRolesTree(user_id,par);
		elseif (reqType = "setRole") then
			set res = setRole(user_id,par);
		elseif (reqType = "setUserRoles") then
			set res = setUserRoles(user_id,par);
		elseif (reqType = "setUser") then
			set res = setUser(user_id,par);
		end if;
		if(res is null)then
			set res='';
		end if;

END */;;
DELIMITER ;
/*!50003 SET sql_mode              = @saved_sql_mode */ ;
/*!50003 SET character_set_client  = @saved_cs_client */ ;
/*!50003 SET character_set_results = @saved_cs_results */ ;
/*!50003 SET collation_connection  = @saved_col_connection */ ;
/*!40103 SET TIME_ZONE=@OLD_TIME_ZONE */;

/*!40101 SET SQL_MODE=@OLD_SQL_MODE */;
/*!40014 SET FOREIGN_KEY_CHECKS=@OLD_FOREIGN_KEY_CHECKS */;
/*!40014 SET UNIQUE_CHECKS=@OLD_UNIQUE_CHECKS */;
/*!40101 SET CHARACTER_SET_CLIENT=@OLD_CHARACTER_SET_CLIENT */;
/*!40101 SET CHARACTER_SET_RESULTS=@OLD_CHARACTER_SET_RESULTS */;
/*!40101 SET COLLATION_CONNECTION=@OLD_COLLATION_CONNECTION */;
/*!40111 SET SQL_NOTES=@OLD_SQL_NOTES */;

-- Dump completed on 2011-12-13 18:31:26
